{"accuracy": 0.935672514619883, "precision": 0.828125, "recall": 1.0, "f1": 0.905982905982906}